{"cameraMode":{"drawMode":0,"name":"Shaded","section":"Shading Mode"},"sceneLighting":false,"audioPlay":false,"sceneViewState":{"m_AlwaysRefresh":false,"showFog":true,"showSkybox":false,"showFlares":true,"showImageEffects":true,"showParticleSystems":true,"showVisualEffectGraphs":true,"m_FxEnabled":false},"in2DMode":false,"pivot":{"x":0.2437143325805664,"y":2.7255406379699709,"z":-0.5265874862670898},"rotation":{"x":-0.0467793270945549,"y":-0.02455875277519226,"z":0.0011441370006650687,"w":-0.9986168146133423},"size":21.008705139160158,"orthographic":false}