{"cameraMode":{"drawMode":0,"name":"Shaded","section":"Shading Mode"},"sceneLighting":false,"audioPlay":false,"sceneViewState":{"m_AlwaysRefresh":false,"showFog":true,"showSkybox":false,"showFlares":true,"showImageEffects":true,"showParticleSystems":true,"showVisualEffectGraphs":true,"m_FxEnabled":false},"in2DMode":false,"pivot":{"x":-0.06713390350341797,"y":2.4867539405822756,"z":-0.5265874862670898},"rotation":{"x":-0.0467793270945549,"y":-0.02455875277519226,"z":0.0011441370006650687,"w":-0.9986168146133423},"size":16.829137802124025,"orthographic":false}