{"cameraMode":{"drawMode":0,"name":"Shaded","section":"Shading Mode"},"sceneLighting":false,"audioPlay":false,"sceneViewState":{"m_AlwaysRefresh":false,"showFog":true,"showSkybox":false,"showFlares":true,"showImageEffects":true,"showParticleSystems":true,"showVisualEffectGraphs":true,"m_FxEnabled":false},"in2DMode":false,"pivot":{"x":-0.06713390350341797,"y":2.4867539405822756,"z":-0.5265874862670898},"rotation":{"x":-0.001809538109228015,"y":-0.020086368545889856,"z":0.00002979657620016951,"w":-0.9998109340667725},"size":16.829137802124025,"orthographic":false}