{"cameraMode":{"drawMode":0,"name":"Shaded","section":"Shading Mode"},"sceneLighting":false,"audioPlay":false,"sceneViewState":{"m_AlwaysRefresh":false,"showFog":true,"showSkybox":false,"showFlares":true,"showImageEffects":true,"showParticleSystems":true,"showVisualEffectGraphs":true,"m_FxEnabled":false},"in2DMode":false,"pivot":{"x":7.385513782501221,"y":6.454641819000244,"z":-0.4417622685432434},"rotation":{"x":0.00868677906692028,"y":-0.027583258226513864,"z":-0.00024627704988233745,"w":-0.999596118927002},"size":11.967658996582032,"orthographic":false}