{"cameraMode":{"drawMode":0,"name":"Shaded","section":"Shading Mode"},"sceneLighting":false,"audioPlay":false,"sceneViewState":{"m_AlwaysRefresh":false,"showFog":true,"showSkybox":false,"showFlares":true,"showImageEffects":true,"showParticleSystems":true,"showVisualEffectGraphs":true,"m_FxEnabled":false},"in2DMode":false,"pivot":{"x":7.746475696563721,"y":7.725674152374268,"z":-1.0493419170379639},"rotation":{"x":0.00868677906692028,"y":-0.027583258226513864,"z":-0.00024627704988233745,"w":-0.999596118927002},"size":16.829137802124025,"orthographic":false}